guest_id,first_name,last_name,email,phone,country_code,created_at
1,John,Smith,john.smith1@email.com,4075551001,US,2026-03-01 08:15:00
2,Maria,Lopez,maria.lopez2@email.com,3055551002,US,2026-03-01 09:20:00
3,David,Johnson,david.johnson3@email.com,8135551003,US,2026-03-01 10:25:00
4,Ana,Silva,ana.silva4@email.com,6895551004,BR,2026-03-01 11:30:00
5,Lucas,Brown,lucas.brown5@email.com,3215551005,US,2026-03-01 12:35:00
6,Sophia,Davis,sophia.davis6@email.com,4075551006,US,2026-03-02 08:10:00
7,Pedro,Santos,pedro.santos7@email.com,3055551007,BR,2026-03-02 09:15:00
8,Emma,Wilson,emma.wilson8@email.com,8135551008,US,2026-03-02 10:20:00
9,Noah,Taylor,noah.taylor9@email.com,6895551009,US,2026-03-02 11:25:00
10,Isabella,Moore,isabella.moore10@email.com,3215551010,US,2026-03-02 12:30:00
11,Liam,Anderson,liam.anderson11@email.com,4075551011,US,2026-03-03 08:05:00
12,Olivia,Thomas,olivia.thomas12@email.com,3055551012,US,2026-03-03 09:10:00
13,James,Jackson,james.jackson13@email.com,8135551013,US,2026-03-03 10:15:00
14,Mia,White,mia.white14@email.com,6895551014,US,2026-03-03 11:20:00
15,Benjamin,Harris,benjamin.harris15@email.com,3215551015,US,2026-03-03 12:25:00
16,Charlotte,Martin,charlotte.martin16@email.com,4075551016,US,2026-03-04 08:10:00
17,Elijah,Thompson,elijah.thompson17@email.com,3055551017,US,2026-03-04 09:15:00
18,Amelia,Garcia,amelia.garcia18@email.com,8135551018,MX,2026-03-04 10:20:00
19,William,Martinez,william.martinez19@email.com,6895551019,US,2026-03-04 11:25:00
20,Evelyn,Robinson,evelyn.robinson20@email.com,3215551020,US,2026-03-04 12:30:00
21,Henry,Clark,henry.clark21@email.com,4075551021,US,2026-03-05 08:00:00
22,Abigail,Rodriguez,abigail.rodriguez22@email.com,3055551022,US,2026-03-05 09:05:00
23,Alexander,Lewis,alexander.lewis23@email.com,8135551023,US,2026-03-05 10:10:00
24,Harper,Lee,harper.lee24@email.com,6895551024,US,2026-03-05 11:15:00
25,Michael,Walker,michael.walker25@email.com,3215551025,US,2026-03-05 12:20:00
26,Ella,Hall,ella.hall26@email.com,4075551026,US,2026-03-06 08:25:00
27,Daniel,Allen,daniel.allen27@email.com,3055551027,US,2026-03-06 09:30:00
28,Scarlett,Young,scarlett.young28@email.com,8135551028,US,2026-03-06 10:35:00
29,Matthew,Hernandez,matthew.hernandez29@email.com,6895551029,US,2026-03-06 11:40:00
30,Grace,King,grace.king30@email.com,3215551030,US,2026-03-06 12:45:00
31,Joseph,Wright,joseph.wright31@email.com,4075551031,US,2026-03-07 08:15:00
32,Chloe,Lopez,chloe.lopez32@email.com,3055551032,US,2026-03-07 09:20:00
33,Samuel,Scott,samuel.scott33@email.com,8135551033,US,2026-03-07 10:25:00
34,Victoria,Green,victoria.green34@email.com,6895551034,US,2026-03-07 11:30:00
35,Jackson,Adams,jackson.adams35@email.com,3215551035,US,2026-03-07 12:35:00
36,Lily,Baker,lily.baker36@email.com,4075551036,US,2026-03-08 08:10:00
37,Sebastian,Gonzalez,sebastian.gonzalez37@email.com,3055551037,MX,2026-03-08 09:15:00
38,Aria,Nelson,aria.nelson38@email.com,8135551038,US,2026-03-08 10:20:00
39,Jack,Carter,jack.carter39@email.com,6895551039,US,2026-03-08 11:25:00
40,Zoey,Mitchell,zoey.mitchell40@email.com,3215551040,US,2026-03-08 12:30:00
41,Owen,Perez,owen.perez41@email.com,4075551041,US,2026-03-09 08:05:00
42,Riley,Roberts,riley.roberts42@email.com,3055551042,US,2026-03-09 09:10:00
43,Levi,Turner,levi.turner43@email.com,8135551043,US,2026-03-09 10:15:00
44,Nora,Phillips,nora.phillips44@email.com,6895551044,US,2026-03-09 11:20:00
45,Julian,Campbell,julian.campbell45@email.com,3215551045,US,2026-03-09 12:25:00
46,Hazel,Parker,hazel.parker46@email.com,4075551046,US,2026-03-10 08:10:00
47,Gabriel,Evans,gabriel.evans47@email.com,3055551047,US,2026-03-10 09:15:00
48,Penelope,Edwards,penelope.edwards48@email.com,8135551048,US,2026-03-10 10:20:00
49,Isaac,Collins,isaac.collins49@email.com,6895551049,US,2026-03-10 11:25:00
50,Aurora,Stewart,aurora.stewart50@email.com,3215551050,US,2026-03-10 12:30:00
51,Anthony,Sanchez,anthony.sanchez51@email.com,4075551051,US,2026-03-11 08:00:00
52,Ellie,Morris,ellie.morris52@email.com,3055551052,US,2026-03-11 09:05:00
53,Dylan,Rogers,dylan.rogers53@email.com,8135551053,US,2026-03-11 10:10:00
54,Stella,Reed,stella.reed54@email.com,6895551054,US,2026-03-11 11:15:00
55,Andrew,Cook,andrew.cook55@email.com,3215551055,US,2026-03-11 12:20:00
56,Natalie,Morgan,natalie.morgan56@email.com,4075551056,US,2026-03-12 08:25:00
57,Christopher,Bell,christopher.bell57@email.com,3055551057,US,2026-03-12 09:30:00
58,Lucy,Murphy,lucy.murphy58@email.com,8135551058,US,2026-03-12 10:35:00
59,Joshua,Bailey,joshua.bailey59@email.com,6895551059,US,2026-03-12 11:40:00
60,Violet,Rivera,violet.rivera60@email.com,3215551060,PR,2026-03-12 12:45:00
61,Nathan,Cooper,nathan.cooper61@email.com,4075551061,US,2026-03-13 08:15:00
62,Hannah,Richardson,hannah.richardson62@email.com,3055551062,US,2026-03-13 09:20:00
63,Caleb,Cox,caleb.cox63@email.com,8135551063,US,2026-03-13 10:25:00
64,Layla,Howard,layla.howard64@email.com,6895551064,US,2026-03-13 11:30:00
65,Ryan,Ward,ryan.ward65@email.com,3215551065,US,2026-03-13 12:35:00
66,Savannah,Torres,savannah.torres66@email.com,4075551066,US,2026-03-14 08:10:00
67,Christian,Peterson,christian.peterson67@email.com,3055551067,US,2026-03-14 09:15:00
68,Audrey,Gray,audrey.gray68@email.com,8135551068,US,2026-03-14 10:20:00
69,Aaron,Ramirez,aaron.ramirez69@email.com,6895551069,US,2026-03-14 11:25:00
70,Brooklyn,James,brooklyn.james70@email.com,3215551070,US,2026-03-14 12:30:00
71,Thomas,Watson,thomas.watson71@email.com,4075551071,US,2026-03-15 08:05:00
72,Bella,Brooks,bella.brooks72@email.com,3055551072,US,2026-03-15 09:10:00
73,Charles,Kelly,charles.kelly73@email.com,8135551073,US,2026-03-15 10:15:00
74,Claire,Sanders,claire.sanders74@email.com,6895551074,US,2026-03-15 11:20:00
75,Eli,Price,eli.price75@email.com,3215551075,US,2026-03-15 12:25:00
76,Skylar,Bennett,skylar.bennett76@email.com,4075551076,US,2026-03-16 08:10:00
77,Adrian,Wood,adrian.wood77@email.com,3055551077,US,2026-03-16 09:15:00
78,Genesis,Barnes,genesis.barnes78@email.com,8135551078,US,2026-03-16 10:20:00
79,Jonathan,Ross,jonathan.ross79@email.com,6895551079,US,2026-03-16 11:25:00
80,Naomi,Henderson,naomi.henderson80@email.com,3215551080,US,2026-03-16 12:30:00
81,Jeremiah,Coleman,jeremiah.coleman81@email.com,4075551081,US,2026-03-17 08:00:00
82,Elena,Jenkins,elena.jenkins82@email.com,3055551082,US,2026-03-17 09:05:00
83,Easton,Perry,easton.perry83@email.com,8135551083,US,2026-03-17 10:10:00
84,Caroline,Powell,caroline.powell84@email.com,6895551084,US,2026-03-17 11:15:00
85,Landon,Long,landon.long85@email.com,3215551085,US,2026-03-17 12:20:00
86,Aaliyah,Patterson,aaliyah.patterson86@email.com,4075551086,US,2026-03-18 08:25:00
87,Connor,Hughes,connor.hughes87@email.com,3055551087,US,2026-03-18 09:30:00
88,Allison,Flores,allison.flores88@email.com,8135551088,US,2026-03-18 10:35:00
89,Asher,Washington,asher.washington89@email.com,6895551089,US,2026-03-18 11:40:00
90,Autumn,Butler,autumn.butler90@email.com,3215551090,US,2026-03-18 12:45:00
91,Robert,Simmons,robert.simmons91@email.com,4075551091,US,2026-03-19 08:15:00
92,Nevaeh,Foster,nevaeh.foster92@email.com,3055551092,US,2026-03-19 09:20:00
93,Tyler,Gonzales,tyler.gonzales93@email.com,8135551093,US,2026-03-19 10:25:00
94,Samantha,Bryant,samantha.bryant94@email.com,6895551094,US,2026-03-19 11:30:00
95,Jose,Alexander,jose.alexander95@email.com,3215551095,DO,2026-03-19 12:35:00
96,Leah,Russell,leah.russell96@email.com,4075551096,US,2026-03-20 08:10:00
97,Colton,Griffin,colton.griffin97@email.com,3055551097,US,2026-03-20 09:15:00
98,Anna,Diaz,anna.diaz98@email.com,8135551098,US,2026-03-20 10:20:00
99,Jaxon,Hayes,jaxon.hayes99@email.com,6895551099,US,2026-03-20 11:25:00
100,Sarah,Myers,sarah.myers100@email.com,3215551100,US,2026-03-20 12:30:00